ID,Cliente,Red_Social,Fecha_Publicacion,Tipo_Contenido,Nombre_Publicacion,Detalle_Visual_Diseno,Copy_Texto,Hashtags,Publico_Objetivo,Tipo_Pauta,Inversion_Pauta_COP,Dias_Pauta_Recomendados,Estado
VYN-1,Vyntara Digital,LinkedIn,2026-08-12,Carrusel,Arquitectura de Crecimiento Digital para Grandes Empresas,"Carrusel de 5 diapositivas con diseño corporativo premium en tonos azul marino, dorado y blanco. Slide 1: Título llamativo 'Arquitectura de Crecimiento Enterprise'. Slides 2-4: Diagramas limpios que ilustran funnels omnicanal y modelos de atribución multi-touch. Slide 5: Llamado a la acción institucional con logo de Vyntara Digital.","¿Su infraestructura digital está optimizada para sostener el crecimiento a escala corporativa?

En Vyntara Digital no ejecutamos campañas aisladas; estructuramos ecosistemas digitales integrados que conectan marketing, tecnología y ventas para maximizar el LTV y optimizar el CAC en empresas consolidadas.

En este carrusel desglosamos nuestra metodología de 4 fases para la aceleración digital B2B y grandes cuentas.

👉 Deslice para conocer la estructura y agende una sesión de diagnóstico estratégico para su compañía en el enlace del perfil.",#GrowthMarketing #B2BEnterprise #VyntaraDigital #EstrategiaDigital #CSuite #MarketingDeResultados,"CEOs, CMOs, VPs de Marketing y Directores de Crecimiento de grandes empresas y corporativos en LATAM.",Orgánico,0,0,💡 Idea
VYN-2,Vyntara Digital,Instagram,2026-08-15,Reel / Video Corto,Caso de Estudio: De Métricas Vanidosas a Impacto en P&L,Video de 30 segundos con estética cinemática y edición rápida. Inicia con gráficos de dashboards en PowerBI/Looker Studio sobreexpuestos en transparencia. Aparición de texto animado en color blanco y cian: '¿Tu agencia reporta clics o contribución al P&L?'. Finaliza con mockup de reporte ejecutivo y el branding elegante de Vyntara Digital.,"Para marcas líderes, el alcance sin atribución clara es solo un gasto, no una inversión. 📉📊

En Vyntara Digital alineamos cada punto de contacto digital directamente con los objetivos financieros de tu organización. Implementamos infraestructura de datos avanzada para que cada peso invertido tenga trazabilidad real.

🚀 ¿Listo para escalar tu ecosistema digital con rigor estratégico?

🔗 Agenda una auditoría técnica y estratégica sin costo a través del link en nuestra bio.",#VyntaraDigital #BusinessIntelligence #MarketingEnterprise #ROI #EstrategiaCorporativa #DigitalGrowth,"Directores de Marketing, Gerentes Comerciales y C-Level de medianas y grandes empresas.",Orgánico,0,0,💡 Idea
VYN-3,Vyntara Digital,LinkedIn,2026-08-19,Infografía / Imagen Vertical,Framework Vyntara: Agencia Tradicional vs. Socio de Crecimiento Enterprise,"Infografía ejecutiva en formato comparativo de dos columnas. Izquierda (Gris/Opaco): 'Agencia Tradicional' enfocada en ejecuciones tácticas y métricas vanidosas. Derecha (Azul Vyntara/Dorado): 'Socio de Aceleración Vyntara' enfocado en ROI auditable, integración de martech y escalabilidad B2B.","El escalamiento de grandes empresas exige algo más que la gestión de pauta publicitaria: requiere integración estratégica entre tecnología, medios y conversión.

Muchas corporaciones se encuentran atrapadas en proveedores operacionales en lugar de contar con un socio de crecimiento que entienda la complejidad de sus ciclos de venta y gobernanza de datos.

Evolucione la madurez digital de su organización con la estructura de Vyntara Digital. Lea el análisis completo en la imagen y solicite una evaluación corporativa.",#TransformacionDigital #LiderazgoEmpresarial #VyntaraDigital #MarketingStrategy #EnterpriseGrowth,"C-Level Executives, Gerentes Generales y VPs de Innovación o Marketing.",Orgánico,0,0,💡 Idea
VYN-4,Vyntara Digital,Facebook,2026-08-23,Imagen Estática,Diagnóstico de Infraestructura Digital Enterprise,"Imagen corporativa de alta definición que presenta un mockup premium de laptop mostrando un panel de análisis de conversión omnicanal. Superposición de texto elegante: 'Diagnóstico de Crecimiento Digital 2026 | Exclusivo para Grandes Marcas'. Estilo limpio, profesional y minimalista.","¿Su empresa ha alcanzado un techo en la adquisición de clientes digitales?

Los cuellos de botella en la tasa de conversión, la fuga en el funnel de ventas y la falta de atribución precisa suelen costar millones a las marcas consolidadas.

En Vyntara Digital realizamos auditorías integrales de infraestructura digital para identificar ineficiencias y trazar la hoja de ruta hacia el siguiente nivel de escalabilidad.

👉 Solicite un diagnóstico estratégico ejecutado por nuestros consultores Senior enviándonos un mensaje directo o visitando nuestro sitio web.",#VyntaraDigital #ConsultoriaDigital #MarketingEnterprise #CrecimientoEmpresarial #EstrategiaB2B,"Propietarios, Directores Generales y Gerentes de Marketing de grandes marcas.",Orgánico,0,0,💡 Idea
CLI-5,SUPLEFIT NUTRICION COL,Instagram,2026-08-13,Reel Explicativo,¿Proteína Aislada o Concentrada? Descúbrelo en 30s,Video dinámico mostrando dos tarros de proteína (Whey vs Isolate) con texto flotante resaltando características y porcentajes de pureza.,¿Confundido sobre cuál proteína elegir para tus objetivos? 💪🔥 En este video te explicamos la diferencia clave entre la proteína Concentrada y la Aislada. ¡Guarda este reel y elige la tuya! 📦 Envíos a todo Colombia. 📲 Escríbenos al DM para asesoría personalizada.,#SuplefitCol #SuplementosColombia #FitColombia #ProteinaWhey #GymColombia,Hombres y mujeres de 18-35 años en Colombia interesados en gimnasio y nutrición fitness.,Orgánico,0,0,💡 Idea
CLI-6,SUPLEFIT NUTRICION COL,Facebook,2026-08-16,Carrusel de Venta,Combo Aumento de Masa Muscular - Promoción del Mes,Diseños tipo carrusel con estética neón/oscura mostrando Proteína Whey + Creatina Monohidratada + Shaker gratis de regalo.,💥 ¡LLEVA TU RENDIMIENTO AL SIGUIENTE NIVEL! 💥 Consigue el Combo Volumen Suplefit: Proteína + Creatina + Shaker gratis por precio especial. 🚚 Envío rápido a todo el país y pago contra entrega disponible. ¡Haz clic abajo y pide el tuyo hoy mismo! 🎯,#Suplefit #ProteinasColombia #FitnessColombia #OfertaGym #Creatina,Hombres de 20-40 años en Colombia buscando desarrollo de masa muscular y suplementos.,Conversiones / Ventas,100000,5,💡 Idea
CLI-7,SUPLEFIT NUTRICION COL,TikTok,2026-08-19,Video Tendencia / Humor Fitness,Cuando se te olvida tomar la creatina un día,"Video actuado con audio en tendencia mostrando una reacción dramática cómica al olvidar la dosis diaria, finalizando con la aclaración técnica.","No exageramos... ¡o tal vez sí! 😂 La creatina funciona por acumulación, así que tómala todos los días a la misma hora. 🔥 Encuentra marcas 100% originales en Suplefit. Síguenos para más tips fitness.",#GymTok #HumorGym #CreatinaColombia #SuplefitCol #FitnessTips,"Jóvenes de 16-30 años interesados en gimnasio, suplementación y cultura fitness.",Orgánico,0,0,💡 Idea
CLI-8,SUPLEFIT NUTRICION COL,Instagram,2026-08-22,Reel Promocional,Mito vs Realidad: La Creatina no engorda,Entrenador mostrando un bote de Creatina Creatine Monohydrate desmintiendo mitos con texto en pantalla y llamado a la acción directo.,"🛑 BASTA DE MITOS. La creatina es el suplemento con mayor evidencia científica. Ayuda a mejorar fuerza, potencia y masa muscular sin retención de agua subcutánea. 💡 Compra la tuya original en Suplefit Colombia. 🚀 Link en bio con 10% OFF en tu primera compra.",#Creatina #SuplementacionDeportiva #NutricionFitness #GymColombia #Suplefit,Hombres y mujeres de 18-45 años interesados en fitness y mitos de suplementos.,Tráfico / Ventas,100000,5,💡 Idea
CLI-9,SUPLEFIT NUTRICION COL,Facebook,2026-08-25,Infografía Educativa,Guía de Suplementación según tu Objetivo,"Infografía limpia con colores corporativos (rojo/negro/blanco), dividida en 3 columnas: Pérdida de grasa, Aumento muscular y Rendimiento.",📌 ¿No sabes qué suplemento tomar? Te dejamos la guía definitiva según tu meta actual. Guarda esta publicación para consultar antes de tu próximo pedido. 💬 Envíanos un mensaje y un asesor te guiará gratis.,#NutricionDeportiva #GuiadeSuplementos #SuplefitColombia #VidaSaludable #GymLife,Hombres y mujeres de 22-50 años interesados en estilo de vida activo y nutrición.,Orgánico,0,0,💡 Idea
CLI-10,SUPLEFIT NUTRICION COL,Instagram,2026-08-28,Reel / Receta Fitness,Smoothie Proteico Post-Entreno de Frutas,Video estético en primera persona (POV) preparando un licuado proteico cremoso usando proteína en polvo de la tienda y frutas.,"🍓 Receta Post-Entreno Deliciosa y Rápida 🥤 Mezcla 1 scoop de Proteína Whey sabor vainilla, hielo, fresas y leche de almendras. ¡Ideal para recuperar tus músculos! 💥 Síguenos en @suplefit_nutricion_col para más recetas diarias.",#RecetaFitness #SmoothieProteico #Suplefit #RecetasSaludables #NutricionDeportiva,Hombres y mujeres de 18-35 años enfocados en recetas saludables y ganancia muscular.,Interacción / Crecimiento de Seguidores,50000,3,💡 Idea
CLI-11,SUPLEFIT NUTRICION COL,TikTok,2026-08-31,Video Review / Product Test,Probando el Pre-Entreno más potente del mercado,"Unboxing y prueba de disolución de un Pre-Workout destacado, con efectos de sonido de alta energía y reacciones al probarlo.",¿Buscas ese empujón extra para entrenar pesado? ⚡ Probamos este Pre-Workout y los resultados en energía y enfoque fueron 10/10. 🔥 Consíguelo 100% original con envío exprés en Suplefit.,#PreWorkout #GymTok #SuplefitColombia #PreEntreno #RutinaDeGym,Jóvenes y adultos deportistas de 18-35 años enfocados en entrenamientos de alta intensidad.,Orgánico,0,0,💡 Idea
CLI-12,SUPLEFIT NUTRICION COL,Instagram,2026-09-03,Reel de Oferta Flash,Flash Sale: 24 Horas de Descuento en Proteínas,"Animación acelerada con contador regresivo, mostrando botes de proteína aislada y un sello destacado de -20% OFF.","🚨 ¡ALERTA DE DESCUENTO FLASH! 🚨 Solo por 24 horas, obtén 20% OFF en toda la línea de proteínas aisladas. Quedan pocas unidades en inventario. 📦 Envíos gratis por compras superiores a $150.000 COP. ¡Toca el botón 'Comprar' ya!",#FlashSale #OfertasColombia #ProteinaEnPolvo #Suplefit #DescuentosGym,Personas en Colombia con interés en gym y compras online de suplementación.,Conversiones / Ventas,100000,2,💡 Idea
CLI-13,SUPLEFIT NUTRICION COL,Facebook,2026-09-06,Testimonio / Caso de Éxito,Caso de Éxito Suplefit: Cambio Físico Real,Imagen de cambio físico antes/después de un cliente con los productos comprados en Suplefit y texto testimonial en el gráfico.,"""Con la asesoría de Suplefit y constante disciplina, logré aumentar 5kg de masa muscular magra en 3 meses."" 💪 Nos alegra ser parte de tu progreso. ¿Tú también quieres transformar tu cuerpo? Déjanos un comentario y te asesoramos gratis.",#TransformacionFitness #TestimoniosReales #SuplefitColombia #ResultadosGym #Nutricion,Hombres y mujeres de 25-45 años interesados en transformación física y suplementos.,Orgánico,0,0,💡 Idea
CLI-14,SUPLEFIT NUTRICION COL,TikTok,2026-09-09,Video Educativo / Crecimiento,3 Errores al tomar suplementos que frenan tu progreso,"Creador señalando puntos en pantalla con texto emergente rápido: 1. No tomar creatina en descansos, 2. Reemplazar comidas completas, 3. Tomar pre-entreno muy tarde.",❌ ¿Cometes alguno de estos 3 errores con tus suplementos? Corrígelos hoy mismo y verás la diferencia en tu físico. 👥 ¡Síguenos en TikTok para no cometer más errores en tu etapa fitness!,#ErroresGym #TipsDeGym #Suplementacion #Suplefit #FitTok,Usuarios de TikTok apasionados por el fitness de 16-30 años.,Crecimiento de Seguidores,50000,3,💡 Idea
CLI-15,SUPLEFIT NUTRICION COL,Instagram,2026-09-11,Carrusel Informativo,Magnesio y Zinc: Los aliados del descanso muscular,"Carrusel de 4 diapositivas explicando el rol del ZMA / Magnesio en la recuperación muscular, descanso nocturno y salud hormonal.",El descanso es donde realmente crecen tus músculos. 😴 El magnesio y el zinc ayudan a mejorar la calidad del sueño y la síntesis proteica. ¿Los incluyes en tu rutina? 🌙 Descubre nuestras opciones en la tienda virtual. 📱 Link en bio.,#Magnesio #ZMA #DescansoYRecuperacion #SuplefitNutricion #SaludGym,Hombres y mujeres de 20-40 años que buscan optimizar su recuperación deportiva.,Orgánico,0,0,💡 Idea
CLI-16,SUPLEFIT NUTRICION COL,Facebook,2026-09-13,Publicación de Interacción,Q&A Nutricional: Pregúntale a nuestro Asesor,Imagen gráfica llamativa con el texto principal '¿Cuál es tu mayor duda sobre suplementos?' y caja de comentarios resaltada.,"👋 ¡Queremos resolver todas tus dudas! Deja en los comentarios tu pregunta sobre suplementación, dosis o momentos de consumo y nuestro equipo especialista te responderá en detalle. 👇 ¡Te leemos!",#PreguntasFitness #ComunidadSuplefit #NutricionGym #SuplementosCol #AsesoriaFitness,Comunidad activa en Facebook interesada en nutrición deportiva y asesoramiento.,Orgánico,0,0,💡 Idea
